{
  "status": "ok",
  "mode": "weighted",
  "entrance": {
    "side": "top",
    "pos_px": 57
  },
  "exit": {
    "side": "bottom",
    "pos_px": 63
  },
  "solution_overlay": "data/solver/overlay.png",
  "scale_down": 1.0,
  "threshold_used_downscaled_px": 14,
  "threshold_equiv_original_px": 14.0,
  "path_length_nodes": 436,
  "achieved_min_clearance_downscaled_px": 14.324999809265137,
  "achieved_min_clearance_equiv_original_px": 14.324999809265137,
  "weighted_lambda": 1000.0,
  "weighted_eps": 1.0,
  "path_px": [
    [
      57.0,
      30.0
    ],
    [
      57.0,
      31.0
    ],
    [
      57.0,
      32.0
    ],
    [
      57.0,
      33.0
    ],
    [
      57.0,
      34.0
    ],
    [
      57.0,
      35.0
    ],
    [
      57.0,
      36.0
    ],
    [
      57.0,
      37.0
    ],
    [
      57.0,
      38.0
    ],
    [
      57.0,
      39.0
    ],
    [
      57.0,
      40.0
    ],
    [
      57.0,
      41.0
    ],
    [
      57.0,
      42.0
    ],
    [
      57.0,
      43.0
    ],
    [
      57.0,
      44.0
    ],
    [
      57.0,
      45.0
    ],
    [
      57.0,
      46.0
    ],
    [
      57.0,
      47.0
    ],
    [
      57.0,
      48.0
    ],
    [
      57.0,
      49.0
    ],
    [
      57.0,
      50.0
    ],
    [
      57.0,
      51.0
    ],
    [
      57.0,
      52.0
    ],
    [
      57.0,
      53.0
    ],
    [
      57.0,
      54.0
    ],
    [
      57.0,
      55.0
    ],
    [
      57.0,
      56.0
    ],
    [
      57.0,
      57.0
    ],
    [
      57.0,
      58.0
    ],
    [
      57.0,
      59.0
    ],
    [
      57.0,
      60.0
    ],
    [
      57.0,
      61.0
    ],
    [
      57.0,
      62.0
    ],
    [
      57.0,
      63.0
    ],
    [
      57.0,
      64.0
    ],
    [
      57.0,
      65.0
    ],
    [
      57.0,
      66.0
    ],
    [
      57.0,
      67.0
    ],
    [
      57.0,
      68.0
    ],
    [
      57.0,
      69.0
    ],
    [
      57.0,
      70.0
    ],
    [
      57.0,
      71.0
    ],
    [
      57.0,
      72.0
    ],
    [
      58.0,
      72.0
    ],
    [
      58.0,
      73.0
    ],
    [
      59.0,
      73.0
    ],
    [
      59.0,
      74.0
    ],
    [
      59.0,
      75.0
    ],
    [
      59.0,
      76.0
    ],
    [
      59.0,
      77.0
    ],
    [
      59.0,
      78.0
    ],
    [
      59.0,
      79.0
    ],
    [
      59.0,
      80.0
    ],
    [
      59.0,
      81.0
    ],
    [
      59.0,
      82.0
    ],
    [
      59.0,
      83.0
    ],
    [
      59.0,
      84.0
    ],
    [
      59.0,
      85.0
    ],
    [
      59.0,
      86.0
    ],
    [
      59.0,
      87.0
    ],
    [
      59.0,
      88.0
    ],
    [
      59.0,
      89.0
    ],
    [
      59.0,
      90.0
    ],
    [
      59.0,
      91.0
    ],
    [
      59.0,
      92.0
    ],
    [
      59.0,
      93.0
    ],
    [
      59.0,
      94.0
    ],
    [
      59.0,
      95.0
    ],
    [
      59.0,
      96.0
    ],
    [
      59.0,
      97.0
    ],
    [
      59.0,
      98.0
    ],
    [
      59.0,
      99.0
    ],
    [
      59.0,
      100.0
    ],
    [
      59.0,
      101.0
    ],
    [
      59.0,
      102.0
    ],
    [
      59.0,
      103.0
    ],
    [
      59.0,
      104.0
    ],
    [
      59.0,
      105.0
    ],
    [
      59.0,
      106.0
    ],
    [
      59.0,
      107.0
    ],
    [
      59.0,
      108.0
    ],
    [
      59.0,
      109.0
    ],
    [
      59.0,
      110.0
    ],
    [
      59.0,
      111.0
    ],
    [
      59.0,
      112.0
    ],
    [
      59.0,
      113.0
    ],
    [
      59.0,
      114.0
    ],
    [
      59.0,
      115.0
    ],
    [
      59.0,
      116.0
    ],
    [
      59.0,
      117.0
    ],
    [
      59.0,
      118.0
    ],
    [
      59.0,
      119.0
    ],
    [
      59.0,
      120.0
    ],
    [
      59.0,
      121.0
    ],
    [
      59.0,
      122.0
    ],
    [
      59.0,
      123.0
    ],
    [
      59.0,
      124.0
    ],
    [
      59.0,
      125.0
    ],
    [
      59.0,
      126.0
    ],
    [
      59.0,
      127.0
    ],
    [
      59.0,
      128.0
    ],
    [
      59.0,
      129.0
    ],
    [
      59.0,
      130.0
    ],
    [
      59.0,
      131.0
    ],
    [
      59.0,
      132.0
    ],
    [
      59.0,
      133.0
    ],
    [
      59.0,
      134.0
    ],
    [
      59.0,
      135.0
    ],
    [
      59.0,
      136.0
    ],
    [
      59.0,
      137.0
    ],
    [
      59.0,
      138.0
    ],
    [
      59.0,
      139.0
    ],
    [
      59.0,
      140.0
    ],
    [
      59.0,
      141.0
    ],
    [
      59.0,
      142.0
    ],
    [
      59.0,
      143.0
    ],
    [
      59.0,
      144.0
    ],
    [
      59.0,
      145.0
    ],
    [
      59.0,
      146.0
    ],
    [
      59.0,
      147.0
    ],
    [
      59.0,
      148.0
    ],
    [
      59.0,
      149.0
    ],
    [
      59.0,
      150.0
    ],
    [
      59.0,
      151.0
    ],
    [
      59.0,
      152.0
    ],
    [
      59.0,
      153.0
    ],
    [
      59.0,
      154.0
    ],
    [
      59.0,
      155.0
    ],
    [
      59.0,
      156.0
    ],
    [
      59.0,
      157.0
    ],
    [
      59.0,
      158.0
    ],
    [
      59.0,
      159.0
    ],
    [
      59.0,
      160.0
    ],
    [
      59.0,
      161.0
    ],
    [
      59.0,
      162.0
    ],
    [
      60.0,
      162.0
    ],
    [
      60.0,
      163.0
    ],
    [
      60.0,
      164.0
    ],
    [
      60.0,
      165.0
    ],
    [
      60.0,
      166.0
    ],
    [
      60.0,
      167.0
    ],
    [
      60.0,
      168.0
    ],
    [
      60.0,
      169.0
    ],
    [
      60.0,
      170.0
    ],
    [
      60.0,
      171.0
    ],
    [
      60.0,
      172.0
    ],
    [
      60.0,
      173.0
    ],
    [
      60.0,
      174.0
    ],
    [
      60.0,
      175.0
    ],
    [
      60.0,
      176.0
    ],
    [
      60.0,
      177.0
    ],
    [
      60.0,
      178.0
    ],
    [
      60.0,
      179.0
    ],
    [
      60.0,
      180.0
    ],
    [
      60.0,
      181.0
    ],
    [
      60.0,
      182.0
    ],
    [
      60.0,
      183.0
    ],
    [
      60.0,
      184.0
    ],
    [
      60.0,
      185.0
    ],
    [
      60.0,
      186.0
    ],
    [
      60.0,
      187.0
    ],
    [
      60.0,
      188.0
    ],
    [
      60.0,
      189.0
    ],
    [
      60.0,
      190.0
    ],
    [
      60.0,
      191.0
    ],
    [
      60.0,
      192.0
    ],
    [
      60.0,
      193.0
    ],
    [
      60.0,
      194.0
    ],
    [
      60.0,
      195.0
    ],
    [
      60.0,
      196.0
    ],
    [
      60.0,
      197.0
    ],
    [
      60.0,
      198.0
    ],
    [
      60.0,
      199.0
    ],
    [
      60.0,
      200.0
    ],
    [
      60.0,
      201.0
    ],
    [
      60.0,
      202.0
    ],
    [
      60.0,
      203.0
    ],
    [
      60.0,
      204.0
    ],
    [
      60.0,
      205.0
    ],
    [
      60.0,
      206.0
    ],
    [
      60.0,
      207.0
    ],
    [
      60.0,
      208.0
    ],
    [
      60.0,
      209.0
    ],
    [
      60.0,
      210.0
    ],
    [
      60.0,
      211.0
    ],
    [
      60.0,
      212.0
    ],
    [
      60.0,
      213.0
    ],
    [
      60.0,
      214.0
    ],
    [
      60.0,
      215.0
    ],
    [
      60.0,
      216.0
    ],
    [
      60.0,
      217.0
    ],
    [
      60.0,
      218.0
    ],
    [
      60.0,
      219.0
    ],
    [
      60.0,
      220.0
    ],
    [
      60.0,
      221.0
    ],
    [
      60.0,
      222.0
    ],
    [
      60.0,
      223.0
    ],
    [
      60.0,
      224.0
    ],
    [
      60.0,
      225.0
    ],
    [
      60.0,
      226.0
    ],
    [
      60.0,
      227.0
    ],
    [
      60.0,
      228.0
    ],
    [
      60.0,
      229.0
    ],
    [
      60.0,
      230.0
