{
  "TL": [
    61.79999923706055,
    14.699999809265137
  ],
  "TR": [
    517.5999755859375,
    15.199999809265137
  ],
  "BR": [
    627.5,
    468.5
  ],
  "BL": [
    63.29999923706055,
    464.0
  ]
}